{
  "Total" : {
    "transaction" : "Total",
    "sampleCount" : 160,
    "errorCount" : 0,
    "errorPct" : 0.0,
    "meanResTime" : 4.66875,
    "medianResTime" : 3.0,
    "minResTime" : 1.0,
    "maxResTime" : 23.0,
    "pct1ResTime" : 9.0,
    "pct2ResTime" : 12.0,
    "pct3ResTime" : 18.11999999999989,
    "throughput" : 33.140016570008285,
    "receivedKBytesPerSec" : 38.146820953293286,
    "sentKBytesPerSec" : 7.481585283761391
  },
  "HTTP Request" : {
    "transaction" : "HTTP Request",
    "sampleCount" : 160,
    "errorCount" : 0,
    "errorPct" : 0.0,
    "meanResTime" : 4.66875,
    "medianResTime" : 3.0,
    "minResTime" : 1.0,
    "maxResTime" : 23.0,
    "pct1ResTime" : 9.0,
    "pct2ResTime" : 12.0,
    "pct3ResTime" : 18.11999999999989,
    "throughput" : 33.140016570008285,
    "receivedKBytesPerSec" : 38.146820953293286,
    "sentKBytesPerSec" : 7.481585283761391
  }
}